alarms/day,precision,recall,TP,FP,FN
25,0.023743472584856398,0.9448051948051948,291,11965,17
50,0.014201739948271808,0.9805194805194806,302,20963,6
100,0.007823085772721462,0.9935064935064936,306,38809,2
